sku,uom_level,article_no,nbs_item,category,brand,variant,description,pack_size,pack_ml,material,uom,base_qty,units_per_case,cases_per_layer,layers_per_pallet,gross_wt,net_wt,std_cost,list_price,barcode_type,barcode,is_sellable,is_orderable
SKU000001,EA,10000191,0000000,Carbonated Soft Drinks,Coca-Cola,Original,Coca-Cola 330ml Can,330ml,330,CAN,EA,1,24,8,5,0.35,0.33,3.76,5.83,EAN-13,6001000000018,1,0
SKU000002,CS,10000145,1585264,Carbonated Soft Drinks,Coca-Cola,Original,Coca-Cola 330ml Can Case 24,24 x 330ml,330,CAN,CS,24,24,8,5,8.8,7.92,90.24,139.87,GTIN-14,16001000000015,0,1
SKU000003,EA,10000296,3287433,Carbonated Soft Drinks,Coca-Cola,Original,Coca-Cola 330ml PET Bottle,330ml,330,PET,EA,1,24,8,5,0.36,0.33,2.92,4.53,EAN-13,6001000000025,1,0
SKU000004,CS,10000221,1133306,Carbonated Soft Drinks,Coca-Cola,Original,Coca-Cola 330ml PET Bottle Case 24,24 x 330ml,330,PET,CS,24,24,8,5,9.04,7.92,70.08,108.62,GTIN-14,16001000000022,0,1
SKU000005,DSP,10000237,1975850,Carbonated Soft Drinks,Coca-Cola,Original,Coca-Cola 330ml PET Bottle Display 6,6 x 330ml,330,PET,DSP,6,6,8,5,2.26,1.98,17.52,28.24,GTIN-14,26001000000029,1,1
SKU000006,EA,10000374,3354032,Carbonated Soft Drinks,Coca-Cola,Original,Coca-Cola 330ml Returnable Glass,330ml,330,RGB,EA,1,24,8,5,0.63,0.33,2.08,3.22,EAN-13,6001000000032,1,0
SKU000007,CS,10000335,3941570,Carbonated Soft Drinks,Coca-Cola,Original,Coca-Cola 330ml Returnable Glass Case 24,24 x 330ml,330,RGB,CS,24,24,8,5,15.52,7.92,49.92,77.38,GTIN-14,16001000000039,0,1
SKU000008,EA,10000438,2166816,Carbonated Soft Drinks,Coca-Cola,Original,Coca-Cola 440ml Can,440ml,440,CAN,EA,1,24,8,5,0.46,0.44,4.05,6.28,EAN-13,6001000000049,1,0
SKU000009,CS,10000410,1669659,Carbonated Soft Drinks,Coca-Cola,Original,Coca-Cola 440ml Can Case 24,24 x 440ml,440,CAN,CS,24,24,8,5,11.44,10.56,97.2,150.66,GTIN-14,16001000000046,0,1
SKU000010,EA,10000553,1903091,Carbonated Soft Drinks,Coca-Cola,Original,Coca-Cola 440ml PET Bottle,440ml,440,PET,EA,1,24,8,5,0.47,0.44,3.19,4.94,EAN-13,6001000000056,1,0
SKU000011,CS,10000553,0000000,Carbonated Soft Drinks,Coca-Cola,Original,Coca-Cola 440ml PET Bottle Case 24,24 x 440ml,440,PET,CS,24,24,8,5,11.68,10.56,76.56,118.67,GTIN-14,16001000000053,0,1
SKU000012,DSP,10000555,2442654,Carbonated Soft Drinks,Coca-Cola,Original,Coca-Cola 440ml PET Bottle Display 6,6 x 440ml,440,PET,DSP,6,6,8,5,2.92,2.64,19.14,30.85,GTIN-14,26001000000050,1,1
SKU000013,EA,10000687,1182244,Carbonated Soft Drinks,Coca-Cola,Original,Coca-Cola 440ml Returnable Glass,440ml,440,RGB,EA,1,24,8,5,0.74,0.44,2.34,3.63,EAN-13,6001000000063,1,0
SKU000014,CS,10000668,2587688,Carbonated Soft Drinks,Coca-Cola,Original,Coca-Cola 440ml Returnable Glass Case 24,24 x 440ml,440,RGB,CS,24,24,8,5,18.16,10.56,56.16,87.05,GTIN-14,16001000000060,0,1
SKU000015,DSP,10000647,3636706,Carbonated Soft Drinks,Coca-Cola,Original,Coca-Cola 440ml Returnable Glass Display 6,6 x 440ml,440,RGB,DSP,6,6,8,5,4.54,2.64,14.04,22.63,GTIN-14,26001000000067,1,1
SKU000016,EA,10000789,2516807,Carbonated Soft Drinks,Coca-Cola,Original,Coca-Cola 500ml Can,500ml,500,CAN,EA,1,24,6,4,0.52,0.5,4.2,6.51,EAN-13,6001000000070,1,0
SKU000017,CS,10000783,0000000,Carbonated Soft Drinks,Coca-Cola,Original,Coca-Cola 500ml Can Case 24,24 x 500ml,500,CAN,CS,24,24,6,4,12.88,12.0,100.8,156.24,GTIN-14,16001000000077,0,1
SKU000018,DSP,10000794,1955874,Carbonated Soft Drinks,Coca-Cola,Original,Coca-Cola 500ml Can Display 6,6 x 500ml,500,CAN,DSP,6,6,6,4,3.22,3.0,25.2,40.62,GTIN-14,26001000000074,1,1
SKU000019,EA,10000847,1976395,Carbonated Soft Drinks,Coca-Cola,Original,Coca-Cola 500ml PET Bottle,500ml,500,PET,EA,1,24,6,4,0.53,0.5,3.34,5.18,EAN-13,6001000000087,1,0
SKU000020,CS,10000822,2901740,Carbonated Soft Drinks,Coca-Cola,Original,Coca-Cola 500ml PET Bottle Case 24,24 x 500ml,500,PET,CS,24,24,6,4,13.12,12.0,80.16,124.25,GTIN-14,16001000000084,0,1
SKU000021,EA,10000956,2490113,Carbonated Soft Drinks,Coca-Cola,Original,Coca-Cola 500ml Returnable Glass,500ml,500,RGB,EA,1,24,6,4,0.8,0.5,2.48,3.84,EAN-13,6001000000094,1,0
SKU000022,CS,10000936,3943647,Carbonated Soft Drinks,Coca-Cola,Original,Coca-Cola 500ml Returnable Glass Case 24,24 x 500ml,500,RGB,CS,24,24,6,4,19.6,12.0,59.52,92.26,GTIN-14,16001000000091,0,1
SKU000023,EA,10001092,0000000,Carbonated Soft Drinks,Coca-Cola,Original,Coca-Cola 1L Can,1L,1000,CAN,EA,1,12,5,4,1.02,1.0,5.51,8.54,EAN-13,6001000000100,1,0
SKU000024,CS,10001091,0000000,Carbonated Soft Drinks,Coca-Cola,Original,Coca-Cola 1L Can Case 12,12 x 1L,1000,CAN,CS,12,12,5,4,12.64,12.0,66.12,102.49,GTIN-14,16001000000107,0,1
SKU000025,EA,10001130,2132243,Carbonated Soft Drinks,Coca-Cola,Original,Coca-Cola 1L PET Bottle,1L,1000,PET,EA,1,12,5,4,1.03,1.0,4.59,7.11,EAN-13,6001000000117,1,0
SKU000026,CS,10001191,1921132,Carbonated Soft Drinks,Coca-Cola,Original,Coca-Cola 1L PET Bottle Case 12,12 x 1L,1000,PET,CS,12,12,5,4,12.76,12.0,55.08,85.37,GTIN-14,16001000000114,0,1
SKU000027,EA,10001217,1134638,Carbonated Soft Drinks,Coca-Cola,Original,Coca-Cola 1L Returnable Glass,1L,1000,RGB,EA,1,12,5,4,1.3,1.0,3.67,5.69,EAN-13,6001000000124,1,0
SKU000028,CS,10001250,1277615,Carbonated Soft Drinks,Coca-Cola,Original,Coca-Cola 1L Returnable Glass Case 12,12 x 1L,1000,RGB,CS,12,12,5,4,16.0,12.0,44.04,68.26,GTIN-14,16001000000121,0,1
SKU000029,DSP,10001282,2319854,Carbonated Soft Drinks,Coca-Cola,Original,Coca-Cola 1L Returnable Glass Display 6,6 x 1L,1000,RGB,DSP,6,6,5,4,7.9,6.0,22.02,35.5,GTIN-14,26001000000128,1,1
SKU000030,EA,10001337,2659400,Carbonated Soft Drinks,Coca-Cola,Original,Coca-Cola 1.5L Can,1.5L,1500,CAN,EA,1,8,4,4,1.52,1.5,6.81,10.55,EAN-13,6001000000131,1,0
SKU000031,CS,10001392,2110987,Carbonated Soft Drinks,Coca-Cola,Original,Coca-Cola 1.5L Can Case 8,8 x 1.5L,1500,CAN,CS,8,8,4,4,12.56,12.0,54.48,84.44,GTIN-14,16001000000138,0,1
SKU000032,DSP,10001381,3260634,Carbonated Soft Drinks,Coca-Cola,Original,Coca-Cola 1.5L Can Display 4,4 x 1.5L,1500,CAN,DSP,4,4,4,4,6.18,6.0,27.24,43.91,GTIN-14,26001000000135,1,1
SKU000033,EA,10001443,2796981,Carbonated Soft Drinks,Coca-Cola,Original,Coca-Cola 1.5L PET Bottle,1.5L,1500,PET,EA,1,8,4,4,1.53,1.5,5.83,9.04,EAN-13,6001000000148,1,0
SKU000034,CS,10001484,1919897,Carbonated Soft Drinks,Coca-Cola,Original,Coca-Cola 1.5L PET Bottle Case 8,8 x 1.5L,1500,PET,CS,8,8,4,4,12.64,12.0,46.64,72.29,GTIN-14,16001000000145,0,1
SKU000035,EA,10001527,1381301,Carbonated Soft Drinks,Coca-Cola,Original,Coca-Cola 1.5L Returnable Glass,1.5L,1500,RGB,EA,1,8,4,4,1.8,1.5,4.85,7.52,EAN-13,6001000000155,1,0
SKU000036,CS,10001516,1641062,Carbonated Soft Drinks,Coca-Cola,Original,Coca-Cola 1.5L Returnable Glass Case 8,8 x 1.5L,1500,RGB,CS,8,8,4,4,14.8,12.0,38.8,60.14,GTIN-14,16001000000152,0,1
SKU000037,EA,10001697,1266454,Carbonated Soft Drinks,Coca-Cola,Original,Coca-Cola 2L Can,2L,2000,CAN,EA,1,6,4,3,2.02,2.0,8.12,12.59,EAN-13,6001000000162,1,0
SKU000038,CS,10001659,2963143,Carbonated Soft Drinks,Coca-Cola,Original,Coca-Cola 2L Can Case 6,6 x 2L,2000,CAN,CS,6,6,4,3,12.52,12.0,48.72,75.52,GTIN-14,16001000000169,0,1
SKU000039,EA,10001780,1048154,Carbonated Soft Drinks,Coca-Cola,Original,Coca-Cola 2L PET Bottle,2L,2000,PET,EA,1,6,4,3,2.03,2.0,7.08,10.97,EAN-13,6001000000179,1,0
SKU000040,CS,10001797,3859300,Carbonated Soft Drinks,Coca-Cola,Original,Coca-Cola 2L PET Bottle Case 6,6 x 2L,2000,PET,CS,6,6,4,3,12.58,12.0,42.48,65.84,GTIN-14,16001000000176,0,1
SKU000041,EA,10001844,2426799,Carbonated Soft Drinks,Coca-Cola,Original,Coca-Cola 2L Returnable Glass,2L,2000,RGB,EA,1,6,4,3,2.3,2.0,6.04,9.36,EAN-13,6001000000186,1,0
SKU000042,CS,10001824,1663361,Carbonated Soft Drinks,Coca-Cola,Original,Coca-Cola 2L Returnable Glass Case 6,6 x 2L,2000,RGB,CS,6,6,4,3,14.2,12.0,36.24,56.17,GTIN-14,16001000000183,0,1
SKU000043,EA,10001943,1749320,Carbonated Soft Drinks,Coca-Cola,No Sugar,Coca-Cola No Sugar 330ml Can,330ml,330,CAN,EA,1,24,8,5,0.35,0.33,3.76,5.83,EAN-13,6001000000193,1,0
SKU000044,CS,10001974,3622699,Carbonated Soft Drinks,Coca-Cola,No Sugar,Coca-Cola No Sugar 330ml Can Case 24,24 x 330ml,330,CAN,CS,24,24,8,5,8.8,7.92,90.24,139.87,GTIN-14,16001000000190,0,1
SKU000045,DSP,10001991,3129292,Carbonated Soft Drinks,Coca-Cola,No Sugar,Coca-Cola No Sugar 330ml Can Display 6,6 x 330ml,330,CAN,DSP,6,6,8,5,2.2,1.98,22.56,36.37,GTIN-14,26001000000197,1,1
SKU000046,EA,10002087,2568308,Carbonated Soft Drinks,Coca-Cola,No Sugar,Coca-Cola No Sugar 330ml PET Bottle,330ml,330,PET,EA,1,24,8,5,0.36,0.33,2.92,4.53,EAN-13,6001000000209,1,0
SKU000047,CS,10002030,3224464,Carbonated Soft Drinks,Coca-Cola,No Sugar,Coca-Cola No Sugar 330ml PET Bottle Case 24,24 x 330ml,330,PET,CS,24,24,8,5,9.04,7.92,70.08,108.62,GTIN-14,16001000000206,0,1
SKU000048,EA,10002186,1081691,Carbonated Soft Drinks,Coca-Cola,No Sugar,Coca-Cola No Sugar 440ml Can,440ml,440,CAN,EA,1,24,8,5,0.46,0.44,4.05,6.28,EAN-13,6001000000216,1,0
SKU000049,CS,10002124,2289807,Carbonated Soft Drinks,Coca-Cola,No Sugar,Coca-Cola No Sugar 440ml Can Case 24,24 x 440ml,440,CAN,CS,24,24,8,5,11.44,10.56,97.2,150.66,GTIN-14,16001000000213,0,1
SKU000050,DSP,10002140,3379667,Carbonated Soft Drinks,Coca-Cola,No Sugar,Coca-Cola No Sugar 440ml Can Display 6,6 x 440ml,440,CAN,DSP,6,6,8,5,2.86,2.64,24.3,39.17,GTIN-14,26001000000210,1,1
SKU000051,EA,10002220,0000000,Carbonated Soft Drinks,Coca-Cola,No Sugar,Coca-Cola No Sugar 440ml PET Bottle,440ml,440,PET,EA,1,24,8,5,0.47,0.44,3.19,4.94,EAN-13,6001000000223,1,0
SKU000052,CS,10002272,3234331,Carbonated Soft Drinks,Coca-Cola,No Sugar,Coca-Cola No Sugar 440ml PET Bottle Case 24,24 x 440ml,440,PET,CS,24,24,8,5,11.68,10.56,76.56,118.67,GTIN-14,16001000000220,0,1
SKU000053,EA,10002326,3306043,Carbonated Soft Drinks,Coca-Cola,No Sugar,Coca-Cola No Sugar 500ml Can,500ml,500,CAN,EA,1,24,6,4,0.52,0.5,4.2,6.51,EAN-13,6001000000230,1,0
SKU000054,CS,10002331,3544239,Carbonated Soft Drinks,Coca-Cola,No Sugar,Coca-Cola No Sugar 500ml Can Case 24,24 x 500ml,500,CAN,CS,24,24,6,4,12.88,12.0,100.8,156.24,GTIN-14,16001000000237,0,1
SKU000055,EA,10002437,3893514,Carbonated Soft Drinks,Coca-Cola,No Sugar,Coca-Cola No Sugar 500ml PET Bottle,500ml,500,PET,EA,1,24,6,4,0.53,0.5,3.34,5.18,EAN-13,6001000000247,1,0
SKU000056,CS,10002435,2673494,Carbonated Soft Drinks,Coca-Cola,No Sugar,Coca-Cola No Sugar 500ml PET Bottle Case 24,24 x 500ml,500,PET,CS,24,24,6,4,13.12,12.0,80.16,124.25,GTIN-14,16001000000244,0,1
SKU000057,EA,10002593,3170870,Carbonated Soft Drinks,Coca-Cola,No Sugar,Coca-Cola No Sugar 1L Can,1L,1000,CAN,EA,1,12,5,4,1.02,1.0,5.51,8.54,EAN-13,6001000000254,1,0
SKU000058,CS,10002567,0000000,Carbonated Soft Drinks,Coca-Cola,No Sugar,Coca-Cola No Sugar 1L Can Case 12,12 x 1L,1000,CAN,CS,12,12,5,4,12.64,12.0,66.12,102.49,GTIN-14,16001000000251,0,1
SKU000059,DSP,10002553,1088224,Carbonated Soft Drinks,Coca-Cola,No Sugar,Coca-Cola No Sugar 1L Can Display 6,6 x 1L,1000,CAN,DSP,6,6,5,4,6.22,6.0,33.06,53.29,GTIN-14,26001000000258,1,1
SKU000060,EA,10002685,3468096,Carbonated Soft Drinks,Coca-Cola,No Sugar,Coca-Cola No Sugar 1L PET Bottle,1L,1000,PET,EA,1,12,5,4,1.03,1.0,4.59,7.11,EAN-13,6001000000261,1,0
SKU000061,CS,10002638,0000000,Carbonated Soft Drinks,Coca-Cola,No Sugar,Coca-Cola No Sugar 1L PET Bottle Case 12,12 x 1L,1000,PET,CS,12,12,5,4,12.76,12.0,55.08,85.37,GTIN-14,16001000000268,0,1
SKU000062,EA,10002717,1131755,Carbonated Soft Drinks,Coca-Cola,No Sugar,Coca-Cola No Sugar 2L Can,2L,2000,CAN,EA,1,6,4,3,2.02,2.0,8.12,12.59,EAN-13,6001000000278,1,0
SKU000063,CS,10002752,0000000,Carbonated Soft Drinks,Coca-Cola,No Sugar,Coca-Cola No Sugar 2L Can Case 6,6 x 2L,2000,CAN,CS,6,6,4,3,12.52,12.0,48.72,75.52,GTIN-14,16001000000275,0,1
SKU000064,EA,10002895,3261711,Carbonated Soft Drinks,Coca-Cola,No Sugar,Coca-Cola No Sugar 2L PET Bottle,2L,2000,PET,EA,1,6,4,3,2.03,2.0,7.08,10.97,EAN-13,6001000000285,1,0
SKU000065,CS,10002826,3395128,Carbonated Soft Drinks,Coca-Cola,No Sugar,Coca-Cola No Sugar 2L PET Bottle Case 6,6 x 2L,2000,PET,CS,6,6,4,3,12.58,12.0,42.48,65.84,GTIN-14,16001000000282,0,1
SKU000066,EA,10002941,2707333,Carbonated Soft Drinks,Coca-Cola,Zero,Coca-Cola Zero 330ml Can,330ml,330,CAN,EA,1,24,8,5,0.35,0.33,3.76,5.83,EAN-13,6001000000292,1,0
SKU000067,CS,10002934,0000000,Carbonated Soft Drinks,Coca-Cola,Zero,Coca-Cola Zero 330ml Can Case 24,24 x 330ml,330,CAN,CS,24,24,8,5,8.8,7.92,90.24,139.87,GTIN-14,16001000000299,0,1
SKU000068,EA,10003055,2958843,Carbonated Soft Drinks,Coca-Cola,Zero,Coca-Cola Zero 330ml PET Bottle,330ml,330,PET,EA,1,24,8,5,0.36,0.33,2.92,4.53,EAN-13,6001000000308,1,0
SKU000069,CS,10003016,3710274,Carbonated Soft Drinks,Coca-Cola,Zero,Coca-Cola Zero 330ml PET Bottle Case 24,24 x 330ml,330,PET,CS,24,24,8,5,9.04,7.92,70.08,108.62,GTIN-14,16001000000305,0,1
SKU000070,DSP,10003061,2423138,Carbonated Soft Drinks,Coca-Cola,Zero,Coca-Cola Zero 330ml PET Bottle Display 6,6 x 330ml,330,PET,DSP,6,6,8,5,2.26,1.98,17.52,28.24,GTIN-14,26001000000302,1,1
SKU000071,EA,10003123,1797793,Carbonated Soft Drinks,Coca-Cola,Zero,Coca-Cola Zero 500ml Can,500ml,500,CAN,EA,1,24,6,4,0.52,0.5,4.2,6.51,EAN-13,6001000000315,1,0
SKU000072,CS,10003178,2769499,Carbonated Soft Drinks,Coca-Cola,Zero,Coca-Cola Zero 500ml Can Case 24,24 x 500ml,500,CAN,CS,24,24,6,4,12.88,12.0,100.8,156.24,GTIN-14,16001000000312,0,1
SKU000073,DSP,10003169,2047764,Carbonated Soft Drinks,Coca-Cola,Zero,Coca-Cola Zero 500ml Can Display 6,6 x 500ml,500,CAN,DSP,6,6,6,4,3.22,3.0,25.2,40.62,GTIN-14,26001000000319,1,1
SKU000074,EA,10003219,3308231,Carbonated Soft Drinks,Coca-Cola,Zero,Coca-Cola Zero 500ml PET Bottle,500ml,500,PET,EA,1,24,6,4,0.53,0.5,3.34,5.18,EAN-13,6001000000322,1,0
SKU000075,CS,10003222,0000000,Carbonated Soft Drinks,Coca-Cola,Zero,Coca-Cola Zero 500ml PET Bottle Case 24,24 x 500ml,500,PET,CS,24,24,6,4,13.12,12.0,80.16,124.25,GTIN-14,16001000000329,0,1
SKU000076,EA,10003311,1991447,Carbonated Soft Drinks,Coca-Cola,Zero,Coca-Cola Zero 1L Can,1L,1000,CAN,EA,1,12,5,4,1.02,1.0,5.51,8.54,EAN-13,6001000000339,1,0
SKU000077,CS,10003331,3018963,Carbonated Soft Drinks,Coca-Cola,Zero,Coca-Cola Zero 1L Can Case 12,12 x 1L,1000,CAN,CS,12,12,5,4,12.64,12.0,66.12,102.49,GTIN-14,16001000000336,0,1
SKU000078,DSP,10003361,1245934,Carbonated Soft Drinks,Coca-Cola,Zero,Coca-Cola Zero 1L Can Display 6,6 x 1L,1000,CAN,DSP,6,6,5,4,6.22,6.0,33.06,53.29,GTIN-14,26001000000333,1,1
SKU000079,EA,10003431,2637547,Carbonated Soft Drinks,Coca-Cola,Zero,Coca-Cola Zero 1L PET Bottle,1L,1000,PET,EA,1,12,5,4,1.03,1.0,4.59,7.11,EAN-13,6001000000346,1,0
SKU000080,CS,10003443,2908443,Carbonated Soft Drinks,Coca-Cola,Zero,Coca-Cola Zero 1L PET Bottle Case 12,12 x 1L,1000,PET,CS,12,12,5,4,12.76,12.0,55.08,85.37,GTIN-14,16001000000343,0,1
SKU000081,DSP,10003499,3331061,Carbonated Soft Drinks,Coca-Cola,Zero,Coca-Cola Zero 1L PET Bottle Display 6,6 x 1L,1000,PET,DSP,6,6,5,4,6.28,6.0,27.54,44.39,GTIN-14,26001000000340,1,1
SKU000082,EA,10003594,1649264,Carbonated Soft Drinks,Coca-Cola,Zero,Coca-Cola Zero 2L Can,2L,2000,CAN,EA,1,6,4,3,2.02,2.0,8.12,12.59,EAN-13,6001000000353,1,0
SKU000083,CS,10003534,1245296,Carbonated Soft Drinks,Coca-Cola,Zero,Coca-Cola Zero 2L Can Case 6,6 x 2L,2000,CAN,CS,6,6,4,3,12.52,12.0,48.72,75.52,GTIN-14,16001000000350,0,1
SKU000084,EA,10003679,0000000,Carbonated Soft Drinks,Coca-Cola,Zero,Coca-Cola Zero 2L PET Bottle,2L,2000,PET,EA,1,6,4,3,2.03,2.0,7.08,10.97,EAN-13,6001000000360,1,0
SKU000085,CS,10003650,0000000,Carbonated Soft Drinks,Coca-Cola,Zero,Coca-Cola Zero 2L PET Bottle Case 6,6 x 2L,2000,PET,CS,6,6,4,3,12.58,12.0,42.48,65.84,GTIN-14,16001000000367,0,1
SKU000086,EA,10003774,3227704,Carbonated Soft Drinks,Sprite,Original,Sprite 330ml Can,330ml,330,CAN,EA,1,24,8,5,0.35,0.33,3.76,5.83,EAN-13,6001000000377,1,0
SKU000087,CS,10003730,0000000,Carbonated Soft Drinks,Sprite,Original,Sprite 330ml Can Case 24,24 x 330ml,330,CAN,CS,24,24,8,5,8.8,7.92,90.24,139.87,GTIN-14,16001000000374,0,1
SKU000088,EA,10003833,0000000,Carbonated Soft Drinks,Sprite,Original,Sprite 330ml PET Bottle,330ml,330,PET,EA,1,24,8,5,0.36,0.33,2.92,4.53,EAN-13,6001000000384,1,0
SKU000089,CS,10003818,1986516,Carbonated Soft Drinks,Sprite,Original,Sprite 330ml PET Bottle Case 24,24 x 330ml,330,PET,CS,24,24,8,5,9.04,7.92,70.08,108.62,GTIN-14,16001000000381,0,1
SKU000090,EA,10003982,3493594,Carbonated Soft Drinks,Sprite,Original,Sprite 500ml Can,500ml,500,CAN,EA,1,24,6,4,0.52,0.5,4.2,6.51,EAN-13,6001000000391,1,0
SKU000091,CS,10003915,2758356,Carbonated Soft Drinks,Sprite,Original,Sprite 500ml Can Case 24,24 x 500ml,500,CAN,CS,24,24,6,4,12.88,12.0,100.8,156.24,GTIN-14,16001000000398,0,1
SKU000092,EA,10004082,2093730,Carbonated Soft Drinks,Sprite,Original,Sprite 500ml PET Bottle,500ml,500,PET,EA,1,24,6,4,0.53,0.5,3.34,5.18,EAN-13,6001000000407,1,0
SKU000093,CS,10004036,2317782,Carbonated Soft Drinks,Sprite,Original,Sprite 500ml PET Bottle Case 24,24 x 500ml,500,PET,CS,24,24,6,4,13.12,12.0,80.16,124.25,GTIN-14,16001000000404,0,1
SKU000094,DSP,10004060,1548943,Carbonated Soft Drinks,Sprite,Original,Sprite 500ml PET Bottle Display 6,6 x 500ml,500,PET,DSP,6,6,6,4,3.28,3.0,20.04,32.3,GTIN-14,26001000000401,1,1
SKU000095,EA,10004195,2917738,Carbonated Soft Drinks,Sprite,Original,Sprite 1L Can,1L,1000,CAN,EA,1,12,5,4,1.02,1.0,5.51,8.54,EAN-13,6001000000414,1,0
SKU000096,CS,10004150,1304267,Carbonated Soft Drinks,Sprite,Original,Sprite 1L Can Case 12,12 x 1L,1000,CAN,CS,12,12,5,4,12.64,12.0,66.12,102.49,GTIN-14,16001000000411,0,1
SKU000097,DSP,10004189,3361366,Carbonated Soft Drinks,Sprite,Original,Sprite 1L Can Display 6,6 x 1L,1000,CAN,DSP,6,6,5,4,6.22,6.0,33.06,53.29,GTIN-14,26001000000418,1,1
SKU000098,EA,10004222,0000000,Carbonated Soft Drinks,Sprite,Original,Sprite 1L PET Bottle,1L,1000,PET,EA,1,12,5,4,1.03,1.0,4.59,7.11,EAN-13,6001000000421,1,0
SKU000099,CS,10004237,1555563,Carbonated Soft Drinks,Sprite,Original,Sprite 1L PET Bottle Case 12,12 x 1L,1000,PET,CS,12,12,5,4,12.76,12.0,55.08,85.37,GTIN-14,16001000000428,0,1
SKU000100,EA,10004318,2549908,Carbonated Soft Drinks,Sprite,Original,Sprite 1.5L Can,1.5L,1500,CAN,EA,1,8,4,4,1.52,1.5,6.81,10.55,EAN-13,6001000000438,1,0
SKU000101,CS,10004346,0000000,Carbonated Soft Drinks,Sprite,Original,Sprite 1.5L Can Case 8,8 x 1.5L,1500,CAN,CS,8,8,4,4,12.56,12.0,54.48,84.44,GTIN-14,16001000000435,0,1
SKU000102,EA,10004448,3742975,Carbonated Soft Drinks,Sprite,Original,Sprite 1.5L PET Bottle,1.5L,1500,PET,EA,1,8,4,4,1.53,1.5,5.83,9.04,EAN-13,6001000000445,1,0
SKU000103,CS,10004477,0000000,Carbonated Soft Drinks,Sprite,Original,Sprite 1.5L PET Bottle Case 8,8 x 1.5L,1500,PET,CS,8,8,4,4,12.64,12.0,46.64,72.29,GTIN-14,16001000000442,0,1
SKU000104,EA,10004548,1434473,Carbonated Soft Drinks,Sprite,Original,Sprite 2L Can,2L,2000,CAN,EA,1,6,4,3,2.02,2.0,8.12,12.59,EAN-13,6001000000452,1,0
SKU000105,CS,10004527,1448941,Carbonated Soft Drinks,Sprite,Original,Sprite 2L Can Case 6,6 x 2L,2000,CAN,CS,6,6,4,3,12.52,12.0,48.72,75.52,GTIN-14,16001000000459,0,1
SKU000106,EA,10004629,3536840,Carbonated Soft Drinks,Sprite,Original,Sprite 2L PET Bottle,2L,2000,PET,EA,1,6,4,3,2.03,2.0,7.08,10.97,EAN-13,6001000000469,1,0
SKU000107,CS,10004636,1853949,Carbonated Soft Drinks,Sprite,Original,Sprite 2L PET Bottle Case 6,6 x 2L,2000,PET,CS,6,6,4,3,12.58,12.0,42.48,65.84,GTIN-14,16001000000466,0,1
SKU000108,EA,10004743,2053278,Carbonated Soft Drinks,Sprite,Zero,Sprite Zero 330ml Can,330ml,330,CAN,EA,1,24,8,5,0.35,0.33,3.76,5.83,EAN-13,6001000000476,1,0
SKU000109,CS,10004716,0000000,Carbonated Soft Drinks,Sprite,Zero,Sprite Zero 330ml Can Case 24,24 x 330ml,330,CAN,CS,24,24,8,5,8.8,7.92,90.24,139.87,GTIN-14,16001000000473,0,1
SKU000110,EA,10004845,0000000,Carbonated Soft Drinks,Sprite,Zero,Sprite Zero 330ml PET Bottle,330ml,330,PET,EA,1,24,8,5,0.36,0.33,2.92,4.53,EAN-13,6001000000483,1,0
SKU000111,CS,10004852,3672247,Carbonated Soft Drinks,Sprite,Zero,Sprite Zero 330ml PET Bottle Case 24,24 x 330ml,330,PET,CS,24,24,8,5,9.04,7.92,70.08,108.62,GTIN-14,16001000000480,0,1
SKU000112,EA,10004930,3313915,Carbonated Soft Drinks,Sprite,Zero,Sprite Zero 500ml Can,500ml,500,CAN,EA,1,24,6,4,0.52,0.5,4.2,6.51,EAN-13,6001000000490,1,0
SKU000113,CS,10004964,1469233,Carbonated Soft Drinks,Sprite,Zero,Sprite Zero 500ml Can Case 24,24 x 500ml,500,CAN,CS,24,24,6,4,12.88,12.0,100.8,156.24,GTIN-14,16001000000497,0,1
SKU000114,DSP,10004998,1625178,Carbonated Soft Drinks,Sprite,Zero,Sprite Zero 500ml Can Display 6,6 x 500ml,500,CAN,DSP,6,6,6,4,3.22,3.0,25.2,40.62,GTIN-14,26001000000494,1,1
SKU000115,EA,10005079,0000000,Carbonated Soft Drinks,Sprite,Zero,Sprite Zero 500ml PET Bottle,500ml,500,PET,EA,1,24,6,4,0.53,0.5,3.34,5.18,EAN-13,6001000000506,1,0
SKU000116,CS,10005057,1621150,Carbonated Soft Drinks,Sprite,Zero,Sprite Zero 500ml PET Bottle Case 24,24 x 500ml,500,PET,CS,24,24,6,4,13.12,12.0,80.16,124.25,GTIN-14,16001000000503,0,1
SKU000117,EA,10005115,1167331,Carbonated Soft Drinks,Sprite,Zero,Sprite Zero 2L Can,2L,2000,CAN,EA,1,6,4,3,2.02,2.0,8.12,12.59,EAN-13,6001000000513,1,0
SKU000118,CS,10005155,2046603,Carbonated Soft Drinks,Sprite,Zero,Sprite Zero 2L Can Case 6,6 x 2L,2000,CAN,CS,6,6,4,3,12.52,12.0,48.72,75.52,GTIN-14,16001000000510,0,1
SKU000119,EA,10005255,2704470,Carbonated Soft Drinks,Sprite,Zero,Sprite Zero 2L PET Bottle,2L,2000,PET,EA,1,6,4,3,2.03,2.0,7.08,10.97,EAN-13,6001000000520,1,0
SKU000120,CS,10005289,1992948,Carbonated Soft Drinks,Sprite,Zero,Sprite Zero 2L PET Bottle Case 6,6 x 2L,2000,PET,CS,6,6,4,3,12.58,12.0,42.48,65.84,GTIN-14,16001000000527,0,1
SKU000121,EA,10005332,1103961,Carbonated Soft Drinks,Fanta,Orange,Fanta Orange 330ml Can,330ml,330,CAN,EA,1,24,8,5,0.35,0.33,3.76,5.83,EAN-13,6001000000537,1,0
SKU000122,CS,10005332,2393286,Carbonated Soft Drinks,Fanta,Orange,Fanta Orange 330ml Can Case 24,24 x 330ml,330,CAN,CS,24,24,8,5,8.8,7.92,90.24,139.87,GTIN-14,16001000000534,0,1
SKU000123,EA,10005462,2040888,Carbonated Soft Drinks,Fanta,Orange,Fanta Orange 330ml PET Bottle,330ml,330,PET,EA,1,24,8,5,0.36,0.33,2.92,4.53,EAN-13,6001000000544,1,0
SKU000124,CS,10005444,0000000,Carbonated Soft Drinks,Fanta,Orange,Fanta Orange 330ml PET Bottle Case 24,24 x 330ml,330,PET,CS,24,24,8,5,9.04,7.92,70.08,108.62,GTIN-14,16001000000541,0,1
SKU000125,EA,10005558,2974217,Carbonated Soft Drinks,Fanta,Orange,Fanta Orange 500ml Can,500ml,500,CAN,EA,1,24,6,4,0.52,0.5,4.2,6.51,EAN-13,6001000000551,1,0
SKU000126,CS,10005538,0000000,Carbonated Soft Drinks,Fanta,Orange,Fanta Orange 500ml Can Case 24,24 x 500ml,500,CAN,CS,24,24,6,4,12.88,12.0,100.8,156.24,GTIN-14,16001000000558,0,1
SKU000127,EA,10005654,1954604,Carbonated Soft Drinks,Fanta,Orange,Fanta Orange 500ml PET Bottle,500ml,500,PET,EA,1,24,6,4,0.53,0.5,3.34,5.18,EAN-13,6001000000568,1,0
SKU000128,CS,10005638,0000000,Carbonated Soft Drinks,Fanta,Orange,Fanta Orange 500ml PET Bottle Case 24,24 x 500ml,500,PET,CS,24,24,6,4,13.12,12.0,80.16,124.25,GTIN-14,16001000000565,0,1
SKU000129,DSP,10005652,2168545,Carbonated Soft Drinks,Fanta,Orange,Fanta Orange 500ml PET Bottle Display 6,6 x 500ml,500,PET,DSP,6,6,6,4,3.28,3.0,20.04,32.3,GTIN-14,26001000000562,1,1
SKU000130,EA,10005718,2170735,Carbonated Soft Drinks,Fanta,Orange,Fanta Orange 1L Can,1L,1000,CAN,EA,1,12,5,4,1.02,1.0,5.51,8.54,EAN-13,6001000000575,1,0
SKU000131,CS,10005754,2676372,Carbonated Soft Drinks,Fanta,Orange,Fanta Orange 1L Can Case 12,12 x 1L,1000,CAN,CS,12,12,5,4,12.64,12.0,66.12,102.49,GTIN-14,16001000000572,0,1
SKU000132,EA,10005878,1115765,Carbonated Soft Drinks,Fanta,Orange,Fanta Orange 1L PET Bottle,1L,1000,PET,EA,1,12,5,4,1.03,1.0,4.59,7.11,EAN-13,6001000000582,1,0
SKU000133,CS,10005824,2095615,Carbonated Soft Drinks,Fanta,Orange,Fanta Orange 1L PET Bottle Case 12,12 x 1L,1000,PET,CS,12,12,5,4,12.76,12.0,55.08,85.37,GTIN-14,16001000000589,0,1
SKU000134,DSP,10005843,1160462,Carbonated Soft Drinks,Fanta,Orange,Fanta Orange 1L PET Bottle Display 6,6 x 1L,1000,PET,DSP,6,6,5,4,6.28,6.0,27.54,44.39,GTIN-14,26001000000586,1,1
SKU000135,EA,10005923,2449916,Carbonated Soft Drinks,Fanta,Orange,Fanta Orange 2L Can,2L,2000,CAN,EA,1,6,4,3,2.02,2.0,8.12,12.59,EAN-13,6001000000599,1,0
SKU000136,CS,10005950,3145063,Carbonated Soft Drinks,Fanta,Orange,Fanta Orange 2L Can Case 6,6 x 2L,2000,CAN,CS,6,6,4,3,12.52,12.0,48.72,75.52,GTIN-14,16001000000596,0,1
SKU000137,EA,10006083,1186170,Carbonated Soft Drinks,Fanta,Orange,Fanta Orange 2L PET Bottle,2L,2000,PET,EA,1,6,4,3,2.03,2.0,7.08,10.97,EAN-13,6001000000605,1,0
SKU000138,CS,10006065,0000000,Carbonated Soft Drinks,Fanta,Orange,Fanta Orange 2L PET Bottle Case 6,6 x 2L,2000,PET,CS,6,6,4,3,12.58,12.0,42.48,65.84,GTIN-14,16001000000602,0,1
SKU000139,EA,10006178,3812819,Carbonated Soft Drinks,Fanta,Grape,Fanta Grape 500ml PET Bottle,500ml,500,PET,EA,1,24,6,4,0.53,0.5,3.34,5.18,EAN-13,6001000000612,1,0
SKU000140,CS,10006135,1293491,Carbonated Soft Drinks,Fanta,Grape,Fanta Grape 500ml PET Bottle Case 24,24 x 500ml,500,PET,CS,24,24,6,4,13.12,12.0,80.16,124.25,GTIN-14,16001000000619,0,1
SKU000141,EA,10006252,3782448,Carbonated Soft Drinks,Fanta,Grape,Fanta Grape 2L PET Bottle,2L,2000,PET,EA,1,6,4,3,2.03,2.0,7.08,10.97,EAN-13,6001000000629,1,0
SKU000142,CS,10006225,2259642,Carbonated Soft Drinks,Fanta,Grape,Fanta Grape 2L PET Bottle Case 6,6 x 2L,2000,PET,CS,6,6,4,3,12.58,12.0,42.48,65.84,GTIN-14,16001000000626,0,1
SKU000143,EA,10006395,2687789,Carbonated Soft Drinks,Fanta,Pineapple,Fanta Pineapple 500ml PET Bottle,500ml,500,PET,EA,1,24,6,4,0.53,0.5,3.34,5.18,EAN-13,6001000000636,1,0
SKU000144,CS,10006399,1533883,Carbonated Soft Drinks,Fanta,Pineapple,Fanta Pineapple 500ml PET Bottle Case 24,24 x 500ml,500,PET,CS,24,24,6,4,13.12,12.0,80.16,124.25,GTIN-14,16001000000633,0,1
SKU000145,DSP,10006395,2590250,Carbonated Soft Drinks,Fanta,Pineapple,Fanta Pineapple 500ml PET Bottle Display 6,6 x 500ml,500,PET,DSP,6,6,6,4,3.28,3.0,20.04,32.3,GTIN-14,26001000000630,1,1
SKU000146,EA,10006496,1729923,Carbonated Soft Drinks,Fanta,Pineapple,Fanta Pineapple 2L PET Bottle,2L,2000,PET,EA,1,6,4,3,2.03,2.0,7.08,10.97,EAN-13,6001000000643,1,0
SKU000147,CS,10006488,2703202,Carbonated Soft Drinks,Fanta,Pineapple,Fanta Pineapple 2L PET Bottle Case 6,6 x 2L,2000,PET,CS,6,6,4,3,12.58,12.0,42.48,65.84,GTIN-14,16001000000640,0,1
SKU000148,EA,10006510,1881570,Carbonated Soft Drinks,Stoney,Ginger Beer,Stoney Ginger Beer 330ml Can,330ml,330,CAN,EA,1,24,8,5,0.35,0.33,3.76,5.83,EAN-13,6001000000650,1,0
SKU000149,CS,10006565,3544523,Carbonated Soft Drinks,Stoney,Ginger Beer,Stoney Ginger Beer 330ml Can Case 24,24 x 330ml,330,CAN,CS,24,24,8,5,8.8,7.92,90.24,139.87,GTIN-14,16001000000657,0,1
SKU000150,EA,10006669,3833786,Carbonated Soft Drinks,Stoney,Ginger Beer,Stoney Ginger Beer 330ml PET Bottle,330ml,330,PET,EA,1,24,8,5,0.36,0.33,2.92,4.53,EAN-13,6001000000667,1,0
SKU000151,CS,10006637,1711737,Carbonated Soft Drinks,Stoney,Ginger Beer,Stoney Ginger Beer 330ml PET Bottle Case 24,24 x 330ml,330,PET,CS,24,24,8,5,9.04,7.92,70.08,108.62,GTIN-14,16001000000664,0,1
SKU000152,EA,10006746,3654746,Carbonated Soft Drinks,Stoney,Ginger Beer,Stoney Ginger Beer 500ml Can,500ml,500,CAN,EA,1,24,6,4,0.52,0.5,4.2,6.51,EAN-13,6001000000674,1,0
SKU000153,CS,10006789,1985110,Carbonated Soft Drinks,Stoney,Ginger Beer,Stoney Ginger Beer 500ml Can Case 24,24 x 500ml,500,CAN,CS,24,24,6,4,12.88,12.0,100.8,156.24,GTIN-14,16001000000671,0,1
SKU000154,EA,10006838,1618047,Carbonated Soft Drinks,Stoney,Ginger Beer,Stoney Ginger Beer 500ml PET Bottle,500ml,500,PET,EA,1,24,6,4,0.53,0.5,3.34,5.18,EAN-13,6001000000681,1,0
SKU000155,CS,10006813,0000000,Carbonated Soft Drinks,Stoney,Ginger Beer,Stoney Ginger Beer 500ml PET Bottle Case 24,24 x 500ml,500,PET,CS,24,24,6,4,13.12,12.0,80.16,124.25,GTIN-14,16001000000688,0,1
SKU000156,EA,10006988,1305463,Carbonated Soft Drinks,Stoney,Ginger Beer,Stoney Ginger Beer 2L Can,2L,2000,CAN,EA,1,6,4,3,2.02,2.0,8.12,12.59,EAN-13,6001000000698,1,0
SKU000157,CS,10006968,3641427,Carbonated Soft Drinks,Stoney,Ginger Beer,Stoney Ginger Beer 2L Can Case 6,6 x 2L,2000,CAN,CS,6,6,4,3,12.52,12.0,48.72,75.52,GTIN-14,16001000000695,0,1
SKU000158,EA,10007099,2676265,Carbonated Soft Drinks,Stoney,Ginger Beer,Stoney Ginger Beer 2L PET Bottle,2L,2000,PET,EA,1,6,4,3,2.03,2.0,7.08,10.97,EAN-13,6001000000704,1,0
SKU000159,CS,10007041,0000000,Carbonated Soft Drinks,Stoney,Ginger Beer,Stoney Ginger Beer 2L PET Bottle Case 6,6 x 2L,2000,PET,CS,6,6,4,3,12.58,12.0,42.48,65.84,GTIN-14,16001000000701,0,1
SKU000160,EA,10007123,1917886,Water,Bonaqua,Still,Bonaqua Still 500ml PET Bottle,500ml,500,PET,EA,1,24,6,4,0.53,0.5,2.59,4.4,EAN-13,6001000000711,1,0
SKU000161,CS,10007132,3918865,Water,Bonaqua,Still,Bonaqua Still 500ml PET Bottle Case 24,24 x 500ml,500,PET,CS,24,24,6,4,13.12,12.0,62.16,105.67,GTIN-14,16001000000718,0,1
SKU000162,EA,10007216,1509014,Water,Bonaqua,Still,Bonaqua Still 1L PET Bottle,1L,1000,PET,EA,1,12,5,4,1.03,1.0,3.09,5.25,EAN-13,6001000000728,1,0
SKU000163,CS,10007268,0000000,Water,Bonaqua,Still,Bonaqua Still 1L PET Bottle Case 12,12 x 1L,1000,PET,CS,12,12,5,4,12.76,12.0,37.08,63.04,GTIN-14,16001000000725,0,1
SKU000164,EA,10007377,3497508,Water,Bonaqua,Still,Bonaqua Still 1.5L PET Bottle,1.5L,1500,PET,EA,1,8,4,4,1.53,1.5,3.58,6.09,EAN-13,6001000000735,1,0
SKU000165,CS,10007350,2856287,Water,Bonaqua,Still,Bonaqua Still 1.5L PET Bottle Case 8,8 x 1.5L,1500,PET,CS,8,8,4,4,12.64,12.0,28.64,48.69,GTIN-14,16001000000732,0,1
SKU000166,EA,10007474,3297941,Water,Bonaqua,Sparkling,Bonaqua Sparkling 500ml PET Bottle,500ml,500,PET,EA,1,24,6,4,0.53,0.5,2.59,4.4,EAN-13,6001000000742,1,0
SKU000167,CS,10007467,2990928,Water,Bonaqua,Sparkling,Bonaqua Sparkling 500ml PET Bottle Case 24,24 x 500ml,500,PET,CS,24,24,6,4,13.12,12.0,62.16,105.67,GTIN-14,16001000000749,0,1
SKU000168,EA,10007541,2163128,Water,Bonaqua,Sparkling,Bonaqua Sparkling 1L PET Bottle,1L,1000,PET,EA,1,12,5,4,1.03,1.0,3.09,5.25,EAN-13,6001000000759,1,0
SKU000169,CS,10007576,2003469,Water,Bonaqua,Sparkling,Bonaqua Sparkling 1L PET Bottle Case 12,12 x 1L,1000,PET,CS,12,12,5,4,12.76,12.0,37.08,63.04,GTIN-14,16001000000756,0,1
SKU000170,DSP,10007519,3992824,Water,Bonaqua,Sparkling,Bonaqua Sparkling 1L PET Bottle Display 6,6 x 1L,1000,PET,DSP,6,6,5,4,6.28,6.0,18.54,32.78,GTIN-14,26001000000753,1,1
SKU000171,EA,10007646,2408646,Sports Drinks,Powerade,Mountain Blast,Powerade Mountain Blast 500ml PET Bottle,500ml,500,PET,EA,1,24,6,4,0.53,0.5,4.39,6.5,EAN-13,6001000000766,1,0
SKU000172,CS,10007650,1337967,Sports Drinks,Powerade,Mountain Blast,Powerade Mountain Blast 500ml PET Bottle Case 24,24 x 500ml,500,PET,CS,24,24,6,4,13.12,12.0,105.36,155.93,GTIN-14,16001000000763,0,1
SKU000173,DSP,10007639,2606566,Sports Drinks,Powerade,Mountain Blast,Powerade Mountain Blast 500ml PET Bottle Display 6,6 x 500ml,500,PET,DSP,6,6,6,4,3.28,3.0,26.34,40.54,GTIN-14,26001000000760,1,1
SKU000174,EA,10007798,1897383,Sports Drinks,Powerade,Mountain Blast,Powerade Mountain Blast 750ml PET Bottle,750ml,750,PET,EA,1,12,5,4,0.78,0.75,5.54,8.2,EAN-13,6001000000773,1,0
SKU000175,CS,10007718,2387817,Sports Drinks,Powerade,Mountain Blast,Powerade Mountain Blast 750ml PET Bottle Case 12,12 x 750ml,750,PET,CS,12,12,5,4,9.76,9.0,66.48,98.39,GTIN-14,16001000000770,0,1
SKU000176,EA,10007863,0000000,Sports Drinks,Powerade,Naartjie,Powerade Naartjie 500ml PET Bottle,500ml,500,PET,EA,1,24,6,4,0.53,0.5,4.39,6.5,EAN-13,6001000000780,1,0
SKU000177,CS,10007863,3449806,Sports Drinks,Powerade,Naartjie,Powerade Naartjie 500ml PET Bottle Case 24,24 x 500ml,500,PET,CS,24,24,6,4,13.12,12.0,105.36,155.93,GTIN-14,16001000000787,0,1
SKU000178,EA,10007912,3414620,Juices & Nectars,Cappy,Orange,Cappy Orange 330ml PET Bottle,330ml,330,PET,EA,1,24,8,5,0.36,0.33,3.91,5.67,EAN-13,6001000000797,1,0
SKU000179,CS,10007958,2475383,Juices & Nectars,Cappy,Orange,Cappy Orange 330ml PET Bottle Case 24,24 x 330ml,330,PET,CS,24,24,8,5,9.04,7.92,93.84,136.07,GTIN-14,16001000000794,0,1
SKU000180,DSP,10007959,2757502,Juices & Nectars,Cappy,Orange,Cappy Orange 330ml PET Bottle Display 6,6 x 330ml,330,PET,DSP,6,6,8,5,2.26,1.98,23.46,35.38,GTIN-14,26001000000791,1,1
SKU000181,EA,10008078,3290644,Juices & Nectars,Cappy,Orange,Cappy Orange 330ml Tetra Pak,330ml,330,TET,EA,1,24,8,5,0.63,0.33,4.28,6.21,EAN-13,6001000000803,1,0
SKU000182,CS,10008087,3047782,Juices & Nectars,Cappy,Orange,Cappy Orange 330ml Tetra Pak Case 24,24 x 330ml,330,TET,CS,24,24,8,5,15.52,7.92,102.72,148.94,GTIN-14,16001000000800,0,1
SKU000183,DSP,10008065,3036930,Juices & Nectars,Cappy,Orange,Cappy Orange 330ml Tetra Pak Display 6,6 x 330ml,330,TET,DSP,6,6,8,5,3.88,1.98,25.68,38.73,GTIN-14,26001000000807,1,1
SKU000184,EA,10008113,3805459,Juices & Nectars,Cappy,Orange,Cappy Orange 1L PET Bottle,1L,1000,PET,EA,1,12,5,4,1.03,1.0,7.59,11.01,EAN-13,6001000000810,1,0
SKU000185,CS,10008196,1692247,Juices & Nectars,Cappy,Orange,Cappy Orange 1L PET Bottle Case 12,12 x 1L,1000,PET,CS,12,12,5,4,12.76,12.0,91.08,132.07,GTIN-14,16001000000817,0,1
SKU000186,EA,10008226,3240276,Juices & Nectars,Cappy,Orange,Cappy Orange 1L Tetra Pak,1L,1000,TET,EA,1,12,5,4,1.3,1.0,7.99,11.59,EAN-13,6001000000827,1,0
SKU000187,CS,10008213,3482578,Juices & Nectars,Cappy,Orange,Cappy Orange 1L Tetra Pak Case 12,12 x 1L,1000,TET,CS,12,12,5,4,16.0,12.0,95.88,139.03,GTIN-14,16001000000824,0,1
SKU000188,EA,10008313,0000000,Juices & Nectars,Cappy,Orange,Cappy Orange 1.5L PET Bottle,1.5L,1500,PET,EA,1,8,4,4,1.53,1.5,10.33,14.98,EAN-13,6001000000834,1,0
SKU000189,CS,10008364,0000000,Juices & Nectars,Cappy,Orange,Cappy Orange 1.5L PET Bottle Case 8,8 x 1.5L,1500,PET,CS,8,8,4,4,12.64,12.0,82.64,119.83,GTIN-14,16001000000831,0,1
SKU000190,EA,10008416,2373016,Juices & Nectars,Cappy,Orange,Cappy Orange 1.5L Tetra Pak,1.5L,1500,TET,EA,1,8,4,4,1.8,1.5,10.76,15.6,EAN-13,6001000000841,1,0
SKU000191,CS,10008437,2415579,Juices & Nectars,Cappy,Orange,Cappy Orange 1.5L Tetra Pak Case 8,8 x 1.5L,1500,TET,CS,8,8,4,4,14.8,12.0,86.08,124.82,GTIN-14,16001000000848,0,1
SKU000192,EA,10008558,2768171,Juices & Nectars,Cappy,Mango,Cappy Mango 330ml PET Bottle,330ml,330,PET,EA,1,24,8,5,0.36,0.33,3.91,5.67,EAN-13,6001000000858,1,0
SKU000193,CS,10008542,2972609,Juices & Nectars,Cappy,Mango,Cappy Mango 330ml PET Bottle Case 24,24 x 330ml,330,PET,CS,24,24,8,5,9.04,7.92,93.84,136.07,GTIN-14,16001000000855,0,1
SKU000194,DSP,10008579,1218462,Juices & Nectars,Cappy,Mango,Cappy Mango 330ml PET Bottle Display 6,6 x 330ml,330,PET,DSP,6,6,8,5,2.26,1.98,23.46,35.38,GTIN-14,26001000000852,1,1
SKU000195,EA,10008654,1287806,Juices & Nectars,Cappy,Mango,Cappy Mango 330ml Tetra Pak,330ml,330,TET,EA,1,24,8,5,0.63,0.33,4.28,6.21,EAN-13,6001000000865,1,0
SKU000196,CS,10008693,0000000,Juices & Nectars,Cappy,Mango,Cappy Mango 330ml Tetra Pak Case 24,24 x 330ml,330,TET,CS,24,24,8,5,15.52,7.92,102.72,148.94,GTIN-14,16001000000862,0,1
SKU000197,DSP,10008641,1836179,Juices & Nectars,Cappy,Mango,Cappy Mango 330ml Tetra Pak Display 6,6 x 330ml,330,TET,DSP,6,6,8,5,3.88,1.98,25.68,38.73,GTIN-14,26001000000869,1,1
SKU000198,EA,10008712,2000530,Juices & Nectars,Cappy,Mango,Cappy Mango 1L PET Bottle,1L,1000,PET,EA,1,12,5,4,1.03,1.0,7.59,11.01,EAN-13,6001000000872,1,0
SKU000199,CS,10008726,1479784,Juices & Nectars,Cappy,Mango,Cappy Mango 1L PET Bottle Case 12,12 x 1L,1000,PET,CS,12,12,5,4,12.76,12.0,91.08,132.07,GTIN-14,16001000000879,0,1
SKU000200,EA,10008837,2074763,Juices & Nectars,Cappy,Mango,Cappy Mango 1L Tetra Pak,1L,1000,TET,EA,1,12,5,4,1.3,1.0,7.99,11.59,EAN-13,6001000000889,1,0
SKU000201,CS,10008857,0000000,Juices & Nectars,Cappy,Mango,Cappy Mango 1L Tetra Pak Case 12,12 x 1L,1000,TET,CS,12,12,5,4,16.0,12.0,95.88,139.03,GTIN-14,16001000000886,0,1
SKU000202,EA,10008924,1686883,Energy Drinks,Monster,Energy Green,Monster Energy Green 440ml Can,440ml,440,CAN,EA,1,24,8,5,0.46,0.44,6.12,9.91,EAN-13,6001000000896,1,0
SKU000203,CS,10008949,0000000,Energy Drinks,Monster,Energy Green,Monster Energy Green 440ml Can Case 24,24 x 440ml,440,CAN,CS,24,24,8,5,11.44,10.56,146.88,237.95,GTIN-14,16001000000893,0,1
SKU000204,DSP,10008949,3415066,Energy Drinks,Monster,Energy Green,Monster Energy Green 440ml Can Display 6,6 x 440ml,440,CAN,DSP,6,6,8,5,2.86,2.64,36.72,61.87,GTIN-14,26001000000890,1,1
SKU000205,EA,10009096,2574151,Energy Drinks,Monster,Energy Green,Monster Energy Green 500ml Can,500ml,500,CAN,EA,1,24,6,4,0.52,0.5,6.55,10.61,EAN-13,6001000000902,1,0
SKU000206,CS,10009060,1831855,Energy Drinks,Monster,Energy Green,Monster Energy Green 500ml Can Case 24,24 x 500ml,500,CAN,CS,24,24,6,4,12.88,12.0,157.2,254.66,GTIN-14,16001000000909,0,1
SKU000207,DSP,10009098,3630845,Energy Drinks,Monster,Energy Green,Monster Energy Green 500ml Can Display 6,6 x 500ml,500,CAN,DSP,6,6,6,4,3.22,3.0,39.3,66.21,GTIN-14,26001000000906,1,1
SKU000208,EA,10009141,0000000,Energy Drinks,Monster,Ultra,Monster Ultra 440ml Can,440ml,440,CAN,EA,1,24,8,5,0.46,0.44,6.12,9.91,EAN-13,6001000000919,1,0
SKU000209,CS,10009148,3518308,Energy Drinks,Monster,Ultra,Monster Ultra 440ml Can Case 24,24 x 440ml,440,CAN,CS,24,24,8,5,11.44,10.56,146.88,237.95,GTIN-14,16001000000916,0,1
SKU000210,EA,10009282,2456278,Energy Drinks,Powerplay,Original,Powerplay 440ml Can,440ml,440,CAN,EA,1,24,8,5,0.46,0.44,6.12,9.91,EAN-13,6001000000926,1,0
SKU000211,CS,10009278,2554286,Energy Drinks,Powerplay,Original,Powerplay 440ml Can Case 24,24 x 440ml,440,CAN,CS,24,24,8,5,11.44,10.56,146.88,237.95,GTIN-14,16001000000923,0,1
SKU000212,DSP,10009292,2431227,Energy Drinks,Powerplay,Original,Powerplay 440ml Can Display 6,6 x 440ml,440,CAN,DSP,6,6,8,5,2.86,2.64,36.72,61.87,GTIN-14,26001000000920,1,1
SKU000213,EA,10009311,3056054,Energy Drinks,Powerplay,Original,Powerplay 440ml PET Bottle,440ml,440,PET,EA,1,24,8,5,0.47,0.44,5.26,8.52,EAN-13,6001000000933,1,0
SKU000214,CS,10009323,2519126,Energy Drinks,Powerplay,Original,Powerplay 440ml PET Bottle Case 24,24 x 440ml,440,PET,CS,24,24,8,5,11.68,10.56,126.24,204.51,GTIN-14,16001000000930,0,1
SKU000215,EA,10009468,2826565,Energy Drinks,Powerplay,Original,Powerplay 500ml Can,500ml,500,CAN,EA,1,24,6,4,0.52,0.5,6.55,10.61,EAN-13,6001000000940,1,0
SKU000216,CS,10009432,3728216,Energy Drinks,Powerplay,Original,Powerplay 500ml Can Case 24,24 x 500ml,500,CAN,CS,24,24,6,4,12.88,12.0,157.2,254.66,GTIN-14,16001000000947,0,1
SKU000217,DSP,10009478,3027935,Energy Drinks,Powerplay,Original,Powerplay 500ml Can Display 6,6 x 500ml,500,CAN,DSP,6,6,6,4,3.22,3.0,39.3,66.21,GTIN-14,26001000000944,1,1
SKU000218,EA,10009569,3485018,Energy Drinks,Powerplay,Original,Powerplay 500ml PET Bottle,500ml,500,PET,EA,1,24,6,4,0.53,0.5,5.69,9.22,EAN-13,6001000000957,1,0
SKU000219,CS,10009544,2029681,Energy Drinks,Powerplay,Original,Powerplay 500ml PET Bottle Case 24,24 x 500ml,500,PET,CS,24,24,6,4,13.12,12.0,136.56,221.23,GTIN-14,16001000000954,0,1
SKU000220,EA,10009621,2890800,Energy Drinks,Predator,Gold Strike,Predator Gold Strike 400ml Can,400ml,400,CAN,EA,1,24,8,5,0.42,0.4,5.82,9.43,EAN-13,6001000000964,1,0
SKU000221,CS,10009641,3390122,Energy Drinks,Predator,Gold Strike,Predator Gold Strike 400ml Can Case 24,24 x 400ml,400,CAN,CS,24,24,8,5,10.48,9.6,139.68,226.28,GTIN-14,16001000000961,0,1
SKU000222,EA,10009758,3073271,Energy Drinks,Predator,Gold Strike,Predator Gold Strike 500ml Can,500ml,500,CAN,EA,1,24,6,4,0.52,0.5,6.55,10.61,EAN-13,6001000000971,1,0
SKU000223,CS,10009751,0000000,Energy Drinks,Predator,Gold Strike,Predator Gold Strike 500ml Can Case 24,24 x 500ml,500,CAN,CS,24,24,6,4,12.88,12.0,157.2,254.66,GTIN-14,16001000000978,0,1
SKU000224,DSP,10009743,2427484,Energy Drinks,Predator,Gold Strike,Predator Gold Strike 500ml Can Display 6,6 x 500ml,500,CAN,DSP,6,6,6,4,3.22,3.0,39.3,66.21,GTIN-14,26001000000975,1,1
SKU000225,EA,10009845,3940977,Mixers,Schweppes,Lemonade,Schweppes Lemonade 330ml Can,330ml,330,CAN,EA,1,24,8,5,0.35,0.33,3.83,6.05,EAN-13,6001000000988,1,0
SKU000226,CS,10009845,3166891,Mixers,Schweppes,Lemonade,Schweppes Lemonade 330ml Can Case 24,24 x 330ml,330,CAN,CS,24,24,8,5,8.8,7.92,91.92,145.23,GTIN-14,16001000000985,0,1
SKU000227,EA,10009920,2704683,Mixers,Schweppes,Lemonade,Schweppes Lemonade 330ml PET Bottle,330ml,330,PET,EA,1,24,8,5,0.36,0.33,2.99,4.72,EAN-13,6001000000995,1,0
SKU000228,CS,10009972,2007991,Mixers,Schweppes,Lemonade,Schweppes Lemonade 330ml PET Bottle Case 24,24 x 330ml,330,PET,CS,24,24,8,5,9.04,7.92,71.76,113.38,GTIN-14,16001000000992,0,1
SKU000229,EA,10010092,2879780,Mixers,Schweppes,Lemonade,Schweppes Lemonade 1L Can,1L,1000,CAN,EA,1,12,5,4,1.02,1.0,5.71,9.02,EAN-13,6001000001008,1,0
SKU000230,CS,10010012,0000000,Mixers,Schweppes,Lemonade,Schweppes Lemonade 1L Can Case 12,12 x 1L,1000,CAN,CS,12,12,5,4,12.64,12.0,68.52,108.26,GTIN-14,16001000001005,0,1
SKU000231,DSP,10010098,2020495,Mixers,Schweppes,Lemonade,Schweppes Lemonade 1L Can Display 6,6 x 1L,1000,CAN,DSP,6,6,5,4,6.22,6.0,34.26,56.3,GTIN-14,26001000001002,1,1
SKU000232,EA,10010149,2547783,Mixers,Schweppes,Lemonade,Schweppes Lemonade 1L PET Bottle,1L,1000,PET,EA,1,12,5,4,1.03,1.0,4.79,7.57,EAN-13,6001000001015,1,0
SKU000233,CS,10010170,2441823,Mixers,Schweppes,Lemonade,Schweppes Lemonade 1L PET Bottle Case 12,12 x 1L,1000,PET,CS,12,12,5,4,12.76,12.0,57.48,90.82,GTIN-14,16001000001012,0,1
SKU000234,EA,10010280,3947987,Mixers,Schweppes,Soda Water,Schweppes Soda Water 200ml Can,200ml,200,CAN,EA,1,24,8,5,0.22,0.2,3.46,5.47,EAN-13,6001000001022,1,0
SKU000235,CS,10010268,2054463,Mixers,Schweppes,Soda Water,Schweppes Soda Water 200ml Can Case 24,24 x 200ml,200,CAN,CS,24,24,8,5,5.68,4.8,83.04,131.2,GTIN-14,16001000001029,0,1
SKU000236,DSP,10010234,2323504,Mixers,Schweppes,Soda Water,Schweppes Soda Water 200ml Can Display 6,6 x 200ml,200,CAN,DSP,6,6,8,5,1.42,1.2,20.76,34.11,GTIN-14,26001000001026,1,1
SKU000237,EA,10010325,3894755,Mixers,Schweppes,Soda Water,Schweppes Soda Water 200ml PET Bottle,200ml,200,PET,EA,1,24,8,5,0.23,0.2,2.64,4.17,EAN-13,6001000001039,1,0
SKU000238,CS,10010333,0000000,Mixers,Schweppes,Soda Water,Schweppes Soda Water 200ml PET Bottle Case 24,24 x 200ml,200,PET,CS,24,24,8,5,5.92,4.8,63.36,100.11,GTIN-14,16001000001036,0,1
SKU000239,EA,10010445,3200486,Mixers,Schweppes,Soda Water,Schweppes Soda Water 1L Can,1L,1000,CAN,EA,1,12,5,4,1.02,1.0,5.71,9.02,EAN-13,6001000001046,1,0
SKU000240,CS,10010486,1421637,Mixers,Schweppes,Soda Water,Schweppes Soda Water 1L Can Case 12,12 x 1L,1000,CAN,CS,12,12,5,4,12.64,12.0,68.52,108.26,GTIN-14,16001000001043,0,1
SKU000241,EA,10010547,1752632,Mixers,Schweppes,Soda Water,Schweppes Soda Water 1L PET Bottle,1L,1000,PET,EA,1,12,5,4,1.03,1.0,4.79,7.57,EAN-13,6001000001053,1,0
SKU000242,CS,10010548,0000000,Mixers,Schweppes,Soda Water,Schweppes Soda Water 1L PET Bottle Case 12,12 x 1L,1000,PET,CS,12,12,5,4,12.76,12.0,57.48,90.82,GTIN-14,16001000001050,0,1
SKU000243,EA,10003123,1797793,Carbonated Soft Drinks,Coca-Cola,Zero,COCA-COLA  ZERO 500ML CAN,500ml,500,CAN,EA,1,24,6,4,0.52,0.5,4.2,6.51,EAN-13,6001000000315,1,0
SKU000244,CS,10009751,0000000,Energy Drinks,Predator,Gold Strike,PREDATOR GOLD STRIKE 500ML CAN CASE 24,24 x 500ml,500,CAN,CS,24,24,6,4,12.88,12.0,157.2,254.66,GTIN-14,16001000000978,0,1
SKU000245,EA,10005332,1103961,Carbonated Soft Drinks,Fanta,Orange,  Fanta Orange 330Ml Can,330ml,330,CAN,EA,1,24,8,5,0.35,0.33,3.76,5.83,EAN-13,6001000000537,1,0
SKU000246,EA,10005462,2040888,Carbonated Soft Drinks,Fanta,Orange,  FANTA ORANGE 330ML PET BOTTLE,330ml,330,PET,EA,1,24,8,5,0.36,0.33,2.92,4.53,EAN-13,6001000000544,1,0
